room	problem
3413	image_coords with no image
3414	image_coords with no image
3415	image_coords with no image
3416	image_coords with no image
3417	image_coords with no image
3418	image_coords with no image
3419	image_coords with no image
3420	image_coords with no image
3421	image_coords with no image
3422	image_coords with no image
10898	image_coords with no image
10912	image_coords with no image
10913	image_coords with no image
10914	image_coords with no image
10915	image_coords with no image
10916	image_coords with no image
10936	image_coords with no image
10938	image_coords with no image
10940	image_coords with no image
10941	image_coords with no image
10942	image_coords with no image
10945	image_coords with no image
10946	image_coords with no image
10947	image_coords with no image
10948	image_coords with no image
10957	image_coords with no image
10958	image_coords with no image
10959	image_coords with no image
10960	image_coords with no image
10961	image_coords with no image
10962	image_coords with no image
10963	image_coords with no image
10964	image_coords with no image
10965	image_coords with no image
10986	image_coords with no image
10987	image_coords with no image
10996	image_coords with no image
10997	image_coords with no image
10998	image_coords with no image
10999	image_coords with no image
11000	image_coords with no image
11001	image_coords with no image
11002	image_coords with no image
11003	image_coords with no image
11004	image_coords with no image
11005	image_coords with no image
12863	image_coords with no image
12864	image_coords with no image
12865	image_coords with no image
12866	image_coords with no image
12867	image_coords with no image
12870	image_coords with no image
12871	image_coords with no image
12872	image_coords with no image
12873	image_coords with no image
12874	image_coords with no image
12875	image_coords with no image
12876	image_coords with no image
12877	image_coords with no image
12878	image_coords with no image
12879	image_coords with no image
12900	image_coords with no image
12901	image_coords with no image
12902	image_coords with no image
12903	image_coords with no image
12904	image_coords with no image
12905	image_coords with no image
12906	image_coords with no image
12907	image_coords with no image
12908	image_coords with no image
12909	image_coords with no image
12910	image_coords with no image
12911	image_coords with no image
12912	image_coords with no image
12913	image_coords with no image
12914	image_coords with no image
12915	image_coords with no image
12916	image_coords with no image
12917	image_coords with no image
12918	image_coords with no image
12919	image_coords with no image
12920	image_coords with no image
12921	image_coords with no image
12922	image_coords with no image
12923	image_coords with no image
12924	image_coords with no image
12925	image_coords with no image
12926	image_coords with no image
12927	image_coords with no image
12928	image_coords with no image
12929	image_coords with no image
12930	image_coords with no image
12931	image_coords with no image
12932	image_coords with no image
12933	image_coords with no image
12934	image_coords with no image
12935	image_coords with no image
12936	image_coords with no image
12937	image_coords with no image
12938	image_coords with no image
12939	image_coords with no image
12940	image_coords with no image
12941	image_coords with no image
12942	image_coords with no image
12943	image_coords with no image
12944	image_coords with no image
12945	image_coords with no image
12946	image_coords with no image
12947	image_coords with no image
12948	image_coords with no image
12949	image_coords with no image
12950	image_coords with no image
12951	image_coords with no image
12952	image_coords with no image
12953	image_coords with no image
12954	image_coords with no image
18683	image_coords with no image
21305	image_coords with no image
21308	image_coords with no image
21322	image_coords with no image
23270	timeto for `27362` has no matching wayto
23841	timeto for `23707` has no matching wayto
23841	timeto for `24896` has no matching wayto
23846	timeto for `23923` has no matching wayto
23846	timeto for `27361` has no matching wayto
23847	timeto for `24779` has no matching wayto
23847	timeto for `27363` has no matching wayto
23849	timeto for `18722` has no matching wayto
23849	timeto for `20185` has no matching wayto
23849	timeto for `27352` has no matching wayto
23854	timeto for `23856` has no matching wayto
23857	image with no image_coords
23861	timeto for `23704` has no matching wayto
23862	timeto for `27353` has no matching wayto
23866	timeto for `22032` has no matching wayto
23866	timeto for `23844` has no matching wayto
23867	timeto for `23577` has no matching wayto
23867	timeto for `23869` has no matching wayto
23867	timeto for `32176` has no matching wayto
23868	timeto for `23901` has no matching wayto
23871	timeto for `20411` has no matching wayto
23873	timeto for `23872` has no matching wayto
23874	timeto for `23888` has no matching wayto
23875	timeto for `31297` has no matching wayto
23880	timeto for `23886` has no matching wayto
23903	timeto for `24493` has no matching wayto
24597	image_coords with no image
24600	image_coords with no image
24605	image_coords with no image
24606	image_coords with no image
24611	image_coords with no image
24612	image_coords with no image
24626	image_coords with no image
24629	image_coords with no image
24632	image_coords with no image
24633	image_coords with no image
24634	image_coords with no image
25687	image_coords with no image
25984	timeto for `25985` has no matching wayto
25985	timeto for `25984` has no matching wayto
25996	timeto for `26053` has no matching wayto
26800	timeto for `26801` has no matching wayto
26800	timeto for `26802` has no matching wayto
28925	image_coords with no image
29643	image with no image_coords
29650	image with no image_coords
29651	image with no image_coords
29652	image with no image_coords
30573	image with no image_coords
31310	timeto for `31307` has no matching wayto
31318	timeto for `31317` has no matching wayto
31558	timeto for `10862` has no matching wayto
31558	timeto for `1448` has no matching wayto
31558	timeto for `1944` has no matching wayto
31558	timeto for `2426` has no matching wayto
31558	timeto for `284` has no matching wayto
31558	timeto for `28908` has no matching wayto
31558	timeto for `3521` has no matching wayto
31558	timeto for `3669` has no matching wayto
31558	timeto for `3727` has no matching wayto
31558	timeto for `4651` has no matching wayto
31558	timeto for `7` has no matching wayto
31558	timeto for `9410` has no matching wayto
31558	timeto for `9652` has no matching wayto
32281	timeto for `32281` has no matching wayto
33470	timeto for `33470` has no matching wayto
33490	timeto for `31298` has no matching wayto
34831	timeto for `34831` has no matching wayto
34836	timeto for `34836` has no matching wayto
34841	timeto for `34841` has no matching wayto
35228	timeto for `25224` has no matching wayto
35253	timeto for `35254` has no matching wayto
35253	timeto for `35272` has no matching wayto
35254	timeto for `35253` has no matching wayto
35272	timeto for `35253` has no matching wayto
35533	timeto for `35517` has no matching wayto
35535	timeto for `35517` has no matching wayto
35922	timeto for `35923` has no matching wayto
35923	timeto for `35922` has no matching wayto
35926	timeto for `35925` has no matching wayto
